<?xml version="1.0" encoding="UTF-8"?>
<module>
  <exporttime>2020-02-11 14:46:50</exporttime>
  <name>Resolution</name>
  <label>Resolution</label>
  <parent>Sales</parent>
  <dependencies>
    <vtiger_version>7.1.0</vtiger_version>
  </dependencies>
  <license>
    <inline><![CDATA[Dev by Neftalí Yagua for Nodexum SAS. Learn more in official website]]></inline>
  </license>
  <tables>
    <table>
      <name>vtiger_resolution</name>
      <sql><![CDATA[CREATE TABLE `vtiger_resolution` (`resolutionid` int(11) NOT NULL, `resolutionno` varchar(100) default NULL, `resolution_tks_resolution` BIGINT(255) default NULL ,`resolution_tks_prefix` varchar(4) default NULL ,`resolution_tks_serial` BIGINT(255) default 0,`resolution_tks_from` int(11) default NULL ,`resolution_tks_to` int(11) default NULL ,`resolution_tks_expedition` date default NULL ,`resolution_tks_validity` int(3) default NULL ,`resolution_tks_type` varchar(100) default NULL   , PRIMARY KEY (`resolutionid`) ) ENGINE=InnoDB DEFAULT CHARSET=utf8]]></sql>
    </table>
    <table>
      <name>vtiger_resolutioncf</name>
      <sql><![CDATA[CREATE TABLE `vtiger_resolutioncf` (`resolutionid` int(11) NOT NULL, PRIMARY KEY (`resolutionid`) ) ENGINE=InnoDB DEFAULT CHARSET=utf8]]></sql>
    </table>
    <table>
      <name>vtiger_resolution_user_field</name>
      <sql><![CDATA[CREATE TABLE `vtiger_resolution_user_field` (`recordid` int(25) NOT NULL, `userid` int(25) NOT NULL, `starred` varchar(100) default NULL , KEY (`vtiger_resolution_user_field`) ) ENGINE=InnoDB DEFAULT CHARSET=utf8]]></sql>
    </table>
    <table>
      <name>get_serial_resolution</name>
      <sql><![CDATA[
      CREATE FUNCTION `get_serial_resolution`(resolution bigint,
  prefix Varchar(4),
  restype Varchar(100)
) RETURNS int(11)
BEGIN
SET
  @key = (
    SELECT
      (`resolution_tks_serial` + 1)
    FROM `vtiger_resolution`
    WHERE
      `resolution_tks_prefix` = prefix
      AND `resolution_tks_resolution` = resolution
      AND `resolution_tks_type` = restype
      AND DATE_ADD(
        `resolution_tks_expedition`,
        INTERVAL `resolution_tks_validity` MONTH
      ) >= date(NOW())
  );
RETURN @key;
END
      ]]></sql>
    </table>
    <table>
      <name>serial_resolution</name>
      <sql><![CDATA[
CREATE FUNCTION `serial_resolution`(resolution bigint,
  prefix Varchar(4),
  restype Varchar(100)
) RETURNS int(11)
BEGIN
SET
  @key = (
    SELECT
      (`resolution_tks_serial` + 1)
    FROM `vtiger_resolution`
    WHERE
      `resolution_tks_prefix` = prefix
      AND `resolution_tks_resolution` = resolution
      AND `resolution_tks_type` = restype
      AND DATE_ADD(
        `resolution_tks_expedition`,
        INTERVAL `resolution_tks_validity` MONTH
      ) >= date(NOW())
  );
SET
  SQL_SAFE_UPDATES = 0;
UPDATE `vtiger_resolution`
SET
  resolution_tks_serial = @key
WHERE
  `resolution_tks_prefix` = prefix
  AND `resolution_tks_resolution` = resolution
  AND `resolution_tks_serial` <= `resolution_tks_to`
  AND `resolution_tks_type` = restype
  AND DATE_ADD(
    `resolution_tks_expedition`,
    INTERVAL `resolution_tks_validity` MONTH
  ) >= date(NOW());
RETURN @key;
END
      ]]>      </sql>
    </table>
    
    <table>
      <name>vtiger_view_resolution</name>
      <sql><![CDATA[
          CREATE VIEW `vtiger_view_resolution` AS
    SELECT 
        `vtiger_resolution`.`resolutionid` AS `resolutionid`,
        `vtiger_resolution`.`resolutionno` AS `resolutionno`,
        `vtiger_resolution`.`resolution_tks_resolution` AS `resolution_tks_resolution`,
        `vtiger_resolution`.`resolution_tks_prefix` AS `resolution_tks_prefix`,
        `vtiger_resolution`.`resolution_tks_serial` AS `resolution_tks_serial`,
        `vtiger_resolution`.`resolution_tks_from` AS `resolution_tks_from`,
        `vtiger_resolution`.`resolution_tks_to` AS `resolution_tks_to`,
        `vtiger_resolution`.`resolution_tks_expedition` AS `resolution_tks_expedition`,
        `vtiger_resolution`.`resolution_tks_validity` AS `resolution_tks_validity`,
        `vtiger_resolution`.`resolution_tks_type` AS `resolution_tks_type`,
        `vtiger_resolution`.`tags` AS `tags`,
        get_serial_resolution(`vtiger_resolution`.`resolution_tks_resolution`,
                `vtiger_resolution`.`resolution_tks_prefix`,
                `vtiger_resolution`.`resolution_tks_type`) AS `resolution_tks_next`
    FROM
        `vtiger_resolution`
    WHERE
        `vtiger_resolution`.`resolution_tks_serial` < `vtiger_resolution`.`resolution_tks_to`
            AND `vtiger_resolution`.`resolution_tks_expedition` + INTERVAL `vtiger_resolution`.`resolution_tks_validity` MONTH >= CAST(CURRENT_TIMESTAMP() AS DATE)
     ]]></sql>
    </table>
  </tables>
  <blocks>
    <block>
      <label>LBL_RESOLUTION_INFORMATION</label>
      <fields>
        <field>
          <fieldname>resolutionno</fieldname>
          <uitype>4</uitype>
          <columnname>resolutionno</columnname>
          <tablename>vtiger_resolution</tablename>
          <generatedtype>1</generatedtype>
          <fieldlabel>Resolution No</fieldlabel>
          <readonly>1</readonly>
          <presence>1</presence>
          <defaultvalue></defaultvalue>
          <sequence>0</sequence>
          <maximumlength>100</maximumlength>
          <typeofdata>V~M</typeofdata>
          <quickcreate>1</quickcreate>
          <quickcreatesequence></quickcreatesequence>
          <displaytype>1</displaytype>
          <info_type>BAS</info_type>
          <helpinfo><![CDATA[]]></helpinfo>
          <masseditable>1</masseditable>
        </field>
        <field>
          <fieldname>resolution_tks_resolution</fieldname>
          <uitype>1</uitype>
          <columnname>resolution_tks_resolution</columnname>
          <tablename>vtiger_resolution</tablename>
          <generatedtype>1</generatedtype>
          <fieldlabel>Resolution</fieldlabel>
          <readonly>1</readonly>
          <presence>2</presence>
          <defaultvalue></defaultvalue>
          <sequence>1</sequence>
          <maximumlength>100</maximumlength>
          <typeofdata>I~M</typeofdata>
          <quickcreate>2</quickcreate>
          <quickcreatesequence></quickcreatesequence>
          <displaytype>1</displaytype>
          <info_type>BAS</info_type>
          <helpinfo><![CDATA[]]></helpinfo>
          <masseditable>0</masseditable>
        </field>
        <field>
          <fieldname>resolution_tks_prefix</fieldname>
          <uitype>2</uitype>
          <columnname>resolution_tks_prefix</columnname>
          <tablename>vtiger_resolution</tablename>
          <generatedtype>1</generatedtype>
          <fieldlabel>Prefix</fieldlabel>
          <readonly>1</readonly>
          <presence>2</presence>
          <defaultvalue></defaultvalue>
          <sequence>2</sequence>
          <maximumlength>4</maximumlength>
          <typeofdata>V~M</typeofdata>
          <quickcreate>2</quickcreate>
          <quickcreatesequence></quickcreatesequence>
          <displaytype>1</displaytype>
          <info_type>BAS</info_type>
          <helpinfo><![CDATA[]]></helpinfo>
          <masseditable>0</masseditable>
        </field>
        <field>
          <fieldname>resolution_tks_serial</fieldname>
          <uitype>1</uitype>
          <columnname>resolution_tks_serial</columnname>
          <tablename>vtiger_resolution</tablename>
          <generatedtype>1</generatedtype>
          <fieldlabel>Serial</fieldlabel>
          <readonly>1</readonly>
          <presence>2</presence>
          <defaultvalue>0</defaultvalue>
          <sequence>3</sequence>
          <maximumlength>11</maximumlength>
          <typeofdata>I~M</typeofdata>
          <quickcreate>2</quickcreate>
          <quickcreatesequence></quickcreatesequence>
          <displaytype>1</displaytype>
          <info_type>BAS</info_type>
          <helpinfo><![CDATA[]]></helpinfo>
          <masseditable>0</masseditable>
        </field>
        <field>
          <fieldname>resolution_tks_from</fieldname>
          <uitype>1</uitype>
          <columnname>resolution_tks_from</columnname>
          <tablename>vtiger_resolution</tablename>
          <generatedtype>1</generatedtype>
          <fieldlabel>From</fieldlabel>
          <readonly>1</readonly>
          <presence>2</presence>
          <defaultvalue></defaultvalue>
          <sequence>4</sequence>
          <maximumlength>11</maximumlength>
          <typeofdata>I~M</typeofdata>
          <quickcreate>2</quickcreate>
          <quickcreatesequence></quickcreatesequence>
          <displaytype>1</displaytype>
          <info_type>BAS</info_type>
          <helpinfo><![CDATA[]]></helpinfo>
          <masseditable>0</masseditable>
        </field>
        <field>
          <fieldname>resolution_tks_to</fieldname>
          <uitype>1</uitype>
          <columnname>resolution_tks_to</columnname>
          <tablename>vtiger_resolution</tablename>
          <generatedtype>1</generatedtype>
          <fieldlabel>To</fieldlabel>
          <readonly>1</readonly>
          <presence>2</presence>
          <defaultvalue></defaultvalue>
          <sequence>5</sequence>
          <maximumlength>11</maximumlength>
          <typeofdata>I~M</typeofdata>
          <quickcreate>2</quickcreate>
          <quickcreatesequence></quickcreatesequence>
          <displaytype>1</displaytype>
          <info_type>BAS</info_type>
          <helpinfo><![CDATA[]]></helpinfo>
          <masseditable>0</masseditable>
        </field>
        <field>
          <fieldname>resolution_tks_expedition</fieldname>
          <uitype>5</uitype>
          <columnname>resolution_tks_expedition</columnname>
          <tablename>vtiger_resolution</tablename>
          <generatedtype>1</generatedtype>
          <fieldlabel>Expedition</fieldlabel>
          <readonly>1</readonly>
          <presence>2</presence>
          <defaultvalue></defaultvalue>
          <sequence>6</sequence>
          <maximumlength>100</maximumlength>
          <typeofdata>D~M</typeofdata>
          <quickcreate>2</quickcreate>
          <quickcreatesequence></quickcreatesequence>
          <displaytype>1</displaytype>
          <info_type>BAS</info_type>
          <helpinfo><![CDATA[]]></helpinfo>
          <masseditable>0</masseditable>
        </field>
        <field>
          <fieldname>resolution_tks_validity</fieldname>
          <uitype>1</uitype>
          <columnname>resolution_tks_validity</columnname>
          <tablename>vtiger_resolution</tablename>
          <generatedtype>1</generatedtype>
          <fieldlabel>Validity</fieldlabel>
          <readonly>1</readonly>
          <presence>2</presence>
          <defaultvalue></defaultvalue>
          <sequence>7</sequence>
          <maximumlength>3</maximumlength>
          <typeofdata>I~M</typeofdata>
          <quickcreate>2</quickcreate>
          <quickcreatesequence></quickcreatesequence>
          <displaytype>1</displaytype>
          <info_type>BAS</info_type>
          <helpinfo><![CDATA[]]></helpinfo>
          <masseditable>0</masseditable>
        </field>
        <field>
          <fieldname>resolution_tks_type</fieldname>
          <uitype>15</uitype>
          <columnname>resolution_tks_type</columnname>
          <tablename>vtiger_resolution</tablename>
          <generatedtype>1</generatedtype>
          <fieldlabel>Type</fieldlabel>
          <readonly>1</readonly>
          <presence>2</presence>
          <defaultvalue></defaultvalue>
          <sequence>8</sequence>
          <maximumlength>100</maximumlength>
          <typeofdata>V~M</typeofdata>
          <quickcreate>2</quickcreate>
          <quickcreatesequence></quickcreatesequence>
          <displaytype>1</displaytype>
          <info_type>BAS</info_type>
          <helpinfo><![CDATA[]]></helpinfo>
          <masseditable>0</masseditable>
          <picklistvalues>
            <picklistvalue>Invoices</picklistvalue>
            <picklistvalue>Debit</picklistvalue>
            <picklistvalue>Credit</picklistvalue>
            <picklistvalue>Contingency</picklistvalue>
          </picklistvalues>
        </field>
        <field>
          <fieldname>assigned_user_id</fieldname>
          <uitype>53</uitype>
          <columnname>smownerid</columnname>
          <tablename>vtiger_crmentity</tablename>
          <generatedtype>1</generatedtype>
          <fieldlabel>Assigned To</fieldlabel>
          <readonly>1</readonly>
          <presence>2</presence>
          <defaultvalue></defaultvalue>
          <sequence>10</sequence>
          <maximumlength>100</maximumlength>
          <typeofdata>V~M</typeofdata>
          <quickcreate>1</quickcreate>
          <quickcreatesequence></quickcreatesequence>
          <displaytype>1</displaytype>
          <info_type>BAS</info_type>
          <masseditable>1</masseditable>
        </field>
        <field>
          <fieldname>createdtime</fieldname>
          <uitype>70</uitype>
          <columnname>createdtime</columnname>
          <tablename>vtiger_crmentity</tablename>
          <generatedtype>1</generatedtype>
          <fieldlabel>Created Time</fieldlabel>
          <readonly>1</readonly>
          <presence>2</presence>
          <defaultvalue></defaultvalue>
          <sequence>11</sequence>
          <maximumlength>100</maximumlength>
          <typeofdata>T~O</typeofdata>
          <quickcreate>1</quickcreate>
          <quickcreatesequence></quickcreatesequence>
          <displaytype>2</displaytype>
          <info_type>BAS</info_type>
          <masseditable>1</masseditable>
        </field>
        <field>
          <fieldname>modifiedtime</fieldname>
          <uitype>70</uitype>
          <columnname>modifiedtime</columnname>
          <tablename>vtiger_crmentity</tablename>
          <generatedtype>1</generatedtype>
          <fieldlabel>Modified Time</fieldlabel>
          <readonly>1</readonly>
          <presence>2</presence>
          <defaultvalue></defaultvalue>
          <sequence>12</sequence>
          <maximumlength>100</maximumlength>
          <typeofdata>T~O</typeofdata>
          <quickcreate>1</quickcreate>
          <quickcreatesequence></quickcreatesequence>
          <displaytype>2</displaytype>
          <info_type>BAS</info_type>
          <masseditable>1</masseditable>
        </field>
      </fields>
    </block>
  </blocks>
  <customviews>
    <customview>
      <viewname>All</viewname>
      <setdefault>false</setdefault>
      <setmetrics>false</setmetrics>
      <fields>
        <field>
          <fieldname>resolutionno</fieldname>
          <columnindex>1</columnindex>
        </field>
        <field>
          <fieldname>resolution_tks_resolution</fieldname>
          <columnindex>2</columnindex>
        </field>
        <field>
          <fieldname>resolution_tks_prefix</fieldname>
          <columnindex>3</columnindex>
        </field>
        <field>
          <fieldname>resolution_tks_serial</fieldname>
          <columnindex>4</columnindex>
        </field>
        <field>
          <fieldname>resolution_tks_from</fieldname>
          <columnindex>5</columnindex>
        </field>
        <field>
          <fieldname>resolution_tks_to</fieldname>
          <columnindex>6</columnindex>
        </field>
        <field>
          <fieldname>resolution_tks_expedition</fieldname>
          <columnindex>7</columnindex>
        </field>
        <field>
          <fieldname>resolution_tks_validity</fieldname>
          <columnindex>8</columnindex>
        </field>
        <field>
          <fieldname>resolution_tks_type</fieldname>
          <columnindex>9</columnindex>
        </field>
        <field>
          <fieldname>assigned_user_id</fieldname>
          <columnindex>10</columnindex>
        </field>
      </fields>
    </customview>
  </customviews>
  <sharingaccess>
    <default>private</default>
  </sharingaccess>
  <actions>
    <action>
      <name><![CDATA[Import]]></name>
      <status>enabled</status>
    </action>
    <action>
      <name><![CDATA[Export]]></name>
      <status>enabled</status>
    </action>
    <action>
      <name><![CDATA[Merge]]></name>
      <status>enabled</status>
    </action>
  </actions>
  <crons></crons>
</module>
